RANDOM_EVENT,TIME
ZOMBIE_EATS,2018-09-12 14:31:15.805
ZOMBIE_EATS,2018-09-12 14:31:17.708
ZOMBIE_EATS,2018-09-12 14:31:20.263
ZOMBIE_EATS,2018-09-12 14:31:21.781
ZOMBIE_EATS,2018-09-12 14:31:22.940
ZOMBIE_SCREAM,2018-09-12 14:31:24.128
START_SLOW_DOWN,2018-09-12 14:31:24.129
END_SLOW_DOWN,2018-09-12 14:31:26.134
ZOMBIE_EATS,2018-09-12 14:31:27.240
ZOMBIE_EATS,2018-09-12 14:31:29.007
ZOMBIE_EATS,2018-09-12 14:31:31.308
ZOMBIE_EATS,2018-09-12 14:31:31.914
ZOMBIE_SCREAM,2018-09-12 14:31:32.120
START_SLOW_DOWN,2018-09-12 14:31:32.120
END_SLOW_DOWN,2018-09-12 14:31:34.133
ZOMBIE_EATS,2018-09-12 14:31:34.608
ZOMBIE_EATS,2018-09-12 14:31:36.463
ZOMBIE_EATS,2018-09-12 14:31:38.020
ZOMBIE_EATS,2018-09-12 14:31:41.060
START_HUMAN_ERROR,2018-09-12 14:31:43.128
END_HUMAN_ERROR,2018-09-12 14:31:44.128
ZOMBIE_SCREAM,2018-09-12 14:31:45.123
START_SLOW_DOWN,2018-09-12 14:31:45.123
START_HUMAN_ERROR,2018-09-12 14:31:46.129
END_HUMAN_ERROR,2018-09-12 14:31:47.131
END_SLOW_DOWN,2018-09-12 14:31:47.147
ZOMBIE_EATS,2018-09-12 14:31:47.368
ZOMBIE_EATS,2018-09-12 14:31:50.469
ZOMBIE_EATS,2018-09-12 14:31:51.867
ZOMBIE_EATS,2018-09-12 14:31:52.865
START_HUMAN_ERROR,2018-09-12 14:31:53.122
END_HUMAN_ERROR,2018-09-12 14:31:54.124
START_HUMAN_ERROR,2018-09-12 14:31:54.140
END_HUMAN_ERROR,2018-09-12 14:31:55.141
ZOMBIE_EATS,2018-09-12 14:31:55.388
ZOMBIE_EATS,2018-09-12 14:31:56.572
ZOMBIE_SCREAM,2018-09-12 14:31:57.126
START_SLOW_DOWN,2018-09-12 14:31:57.126
START_HUMAN_ERROR,2018-09-12 14:31:59.121
END_HUMAN_ERROR,2018-09-12 14:32:00.122
END_SLOW_DOWN,2018-09-12 14:32:00.134
ZOMBIE_SCREAM,2018-09-12 14:32:00.135
START_SLOW_DOWN,2018-09-12 14:32:00.136
ZOMBIE_EATS,2018-09-12 14:32:01.101
END_SLOW_DOWN,2018-09-12 14:32:02.146
ZOMBIE_EATS,2018-09-12 14:32:03.149
START_HUMAN_ERROR,2018-09-12 14:32:04.127
END_HUMAN_ERROR,2018-09-12 14:32:05.128
START_HUMAN_ERROR,2018-09-12 14:32:05.141
END_HUMAN_ERROR,2018-09-12 14:32:06.141
START_HUMAN_ERROR,2018-09-12 14:32:07.133
END_HUMAN_ERROR,2018-09-12 14:32:08.134
ZOMBIE_SCREAM,2018-09-12 14:32:08.146
START_SLOW_DOWN,2018-09-12 14:32:08.147
ZOMBIE_EATS,2018-09-12 14:32:09.962
START_HUMAN_ERROR,2018-09-12 14:32:10.131
END_HUMAN_ERROR,2018-09-12 14:32:11.131
END_SLOW_DOWN,2018-09-12 14:32:11.147
ZOMBIE_SCREAM,2018-09-12 14:32:11.148
START_RANDOM_MOVEMENT,2018-09-12 14:32:11.149
MOVE_RANDOM_FUNCTION_ACTIVATED,2018-09-12 14:32:11.149
MOVE_RANDOM_FUNCTION_ACTIVATED,2018-09-12 14:32:11.164
MOVE_RANDOM_FUNCTION_ACTIVATED,2018-09-12 14:32:11.181
MOVE_RANDOM_FUNCTION_ACTIVATED,2018-09-12 14:32:11.198
MOVE_RANDOM_FUNCTION_ACTIVATED,2018-09-12 14:32:11.215
MOVE_RANDOM_FUNCTION_ACTIVATED,2018-09-12 14:32:11.232
MOVE_RANDOM_FUNCTION_ACTIVATED,2018-09-12 14:32:11.249
MOVE_RANDOM_FUNCTION_ACTIVATED,2018-09-12 14:32:11.266
MOVE_RANDOM_FUNCTION_ACTIVATED,2018-09-12 14:32:11.283
MOVE_RANDOM_FUNCTION_ACTIVATED,2018-09-12 14:32:11.300
MOVE_RANDOM_FUNCTION_ACTIVATED,2018-09-12 14:32:11.317
MOVE_RANDOM_FUNCTION_ACTIVATED,2018-09-12 14:32:11.334
MOVE_RANDOM_FUNCTION_ACTIVATED,2018-09-12 14:32:11.351
MOVE_RANDOM_FUNCTION_ACTIVATED,2018-09-12 14:32:11.368
MOVE_RANDOM_FUNCTION_ACTIVATED,2018-09-12 14:32:11.385
MOVE_RANDOM_FUNCTION_ACTIVATED,2018-09-12 14:32:11.403
MOVE_RANDOM_FUNCTION_ACTIVATED,2018-09-12 14:32:11.420
MOVE_RANDOM_FUNCTION_ACTIVATED,2018-09-12 14:32:11.437
MOVE_RANDOM_FUNCTION_ACTIVATED,2018-09-12 14:32:11.454
MOVE_RANDOM_FUNCTION_ACTIVATED,2018-09-12 14:32:11.470
MOVE_RANDOM_FUNCTION_ACTIVATED,2018-09-12 14:32:11.487
MOVE_RANDOM_FUNCTION_ACTIVATED,2018-09-12 14:32:11.504
MOVE_RANDOM_FUNCTION_ACTIVATED,2018-09-12 14:32:11.521
MOVE_RANDOM_FUNCTION_ACTIVATED,2018-09-12 14:32:11.538
MOVE_RANDOM_FUNCTION_ACTIVATED,2018-09-12 14:32:11.555
MOVE_RANDOM_FUNCTION_ACTIVATED,2018-09-12 14:32:11.572
MOVE_RANDOM_FUNCTION_ACTIVATED,2018-09-12 14:32:11.589
MOVE_RANDOM_FUNCTION_ACTIVATED,2018-09-12 14:32:11.605
MOVE_RANDOM_FUNCTION_ACTIVATED,2018-09-12 14:32:11.622
MOVE_RANDOM_FUNCTION_ACTIVATED,2018-09-12 14:32:11.638
MOVE_RANDOM_FUNCTION_ACTIVATED,2018-09-12 14:32:11.655
MOVE_RANDOM_FUNCTION_ACTIVATED,2018-09-12 14:32:11.671
MOVE_RANDOM_FUNCTION_ACTIVATED,2018-09-12 14:32:11.687
MOVE_RANDOM_FUNCTION_ACTIVATED,2018-09-12 14:32:11.704
MOVE_RANDOM_FUNCTION_ACTIVATED,2018-09-12 14:32:11.720
MOVE_RANDOM_FUNCTION_ACTIVATED,2018-09-12 14:32:11.737
MOVE_RANDOM_FUNCTION_ACTIVATED,2018-09-12 14:32:11.753
MOVE_RANDOM_FUNCTION_ACTIVATED,2018-09-12 14:32:11.770
MOVE_RANDOM_FUNCTION_ACTIVATED,2018-09-12 14:32:11.787
MOVE_RANDOM_FUNCTION_ACTIVATED,2018-09-12 14:32:11.804
MOVE_RANDOM_FUNCTION_ACTIVATED,2018-09-12 14:32:11.821
MOVE_RANDOM_FUNCTION_ACTIVATED,2018-09-12 14:32:11.837
MOVE_RANDOM_FUNCTION_ACTIVATED,2018-09-12 14:32:11.856
MOVE_RANDOM_FUNCTION_ACTIVATED,2018-09-12 14:32:11.878
MOVE_RANDOM_FUNCTION_ACTIVATED,2018-09-12 14:32:11.919
MOVE_RANDOM_FUNCTION_ACTIVATED,2018-09-12 14:32:11.942
MOVE_RANDOM_FUNCTION_ACTIVATED,2018-09-12 14:32:11.958
MOVE_RANDOM_FUNCTION_ACTIVATED,2018-09-12 14:32:11.975
MOVE_RANDOM_FUNCTION_ACTIVATED,2018-09-12 14:32:11.992
MOVE_RANDOM_FUNCTION_ACTIVATED,2018-09-12 14:32:12.008
MOVE_RANDOM_FUNCTION_ACTIVATED,2018-09-12 14:32:12.024
MOVE_RANDOM_FUNCTION_ACTIVATED,2018-09-12 14:32:12.041
MOVE_RANDOM_FUNCTION_ACTIVATED,2018-09-12 14:32:12.058
MOVE_RANDOM_FUNCTION_ACTIVATED,2018-09-12 14:32:12.078
MOVE_RANDOM_FUNCTION_ACTIVATED,2018-09-12 14:32:12.095
MOVE_RANDOM_FUNCTION_ACTIVATED,2018-09-12 14:32:12.112
ZOMBIE_SCREAM,2018-09-12 14:32:12.129
START_RANDOM_MOVEMENT,2018-09-12 14:32:12.129
MOVE_RANDOM_FUNCTION_ACTIVATED,2018-09-12 14:32:12.129
MOVE_RANDOM_FUNCTION_ACTIVATED,2018-09-12 14:32:12.147
MOVE_RANDOM_FUNCTION_ACTIVATED,2018-09-12 14:32:12.163
MOVE_RANDOM_FUNCTION_ACTIVATED,2018-09-12 14:32:12.180
MOVE_RANDOM_FUNCTION_ACTIVATED,2018-09-12 14:32:12.196
MOVE_RANDOM_FUNCTION_ACTIVATED,2018-09-12 14:32:12.213
MOVE_RANDOM_FUNCTION_ACTIVATED,2018-09-12 14:32:12.231
MOVE_RANDOM_FUNCTION_ACTIVATED,2018-09-12 14:32:12.248
MOVE_RANDOM_FUNCTION_ACTIVATED,2018-09-12 14:32:12.265
MOVE_RANDOM_FUNCTION_ACTIVATED,2018-09-12 14:32:12.281
MOVE_RANDOM_FUNCTION_ACTIVATED,2018-09-12 14:32:12.298
MOVE_RANDOM_FUNCTION_ACTIVATED,2018-09-12 14:32:12.315
MOVE_RANDOM_FUNCTION_ACTIVATED,2018-09-12 14:32:12.332
MOVE_RANDOM_FUNCTION_ACTIVATED,2018-09-12 14:32:12.349
MOVE_RANDOM_FUNCTION_ACTIVATED,2018-09-12 14:32:12.366
MOVE_RANDOM_FUNCTION_ACTIVATED,2018-09-12 14:32:12.383
MOVE_RANDOM_FUNCTION_ACTIVATED,2018-09-12 14:32:12.400
MOVE_RANDOM_FUNCTION_ACTIVATED,2018-09-12 14:32:12.417
MOVE_RANDOM_FUNCTION_ACTIVATED,2018-09-12 14:32:12.434
MOVE_RANDOM_FUNCTION_ACTIVATED,2018-09-12 14:32:12.451
MOVE_RANDOM_FUNCTION_ACTIVATED,2018-09-12 14:32:12.467
MOVE_RANDOM_FUNCTION_ACTIVATED,2018-09-12 14:32:12.484
MOVE_RANDOM_FUNCTION_ACTIVATED,2018-09-12 14:32:12.501
MOVE_RANDOM_FUNCTION_ACTIVATED,2018-09-12 14:32:12.517
MOVE_RANDOM_FUNCTION_ACTIVATED,2018-09-12 14:32:12.534
MOVE_RANDOM_FUNCTION_ACTIVATED,2018-09-12 14:32:12.550
MOVE_RANDOM_FUNCTION_ACTIVATED,2018-09-12 14:32:12.567
MOVE_RANDOM_FUNCTION_ACTIVATED,2018-09-12 14:32:12.584
MOVE_RANDOM_FUNCTION_ACTIVATED,2018-09-12 14:32:12.602
MOVE_RANDOM_FUNCTION_ACTIVATED,2018-09-12 14:32:12.619
MOVE_RANDOM_FUNCTION_ACTIVATED,2018-09-12 14:32:12.636
MOVE_RANDOM_FUNCTION_ACTIVATED,2018-09-12 14:32:12.651
MOVE_RANDOM_FUNCTION_ACTIVATED,2018-09-12 14:32:12.667
MOVE_RANDOM_FUNCTION_ACTIVATED,2018-09-12 14:32:12.684
MOVE_RANDOM_FUNCTION_ACTIVATED,2018-09-12 14:32:12.701
MOVE_RANDOM_FUNCTION_ACTIVATED,2018-09-12 14:32:12.717
MOVE_RANDOM_FUNCTION_ACTIVATED,2018-09-12 14:32:12.735
MOVE_RANDOM_FUNCTION_ACTIVATED,2018-09-12 14:32:12.753
MOVE_RANDOM_FUNCTION_ACTIVATED,2018-09-12 14:32:12.770
MOVE_RANDOM_FUNCTION_ACTIVATED,2018-09-12 14:32:12.788
MOVE_RANDOM_FUNCTION_ACTIVATED,2018-09-12 14:32:12.807
MOVE_RANDOM_FUNCTION_ACTIVATED,2018-09-12 14:32:12.824
MOVE_RANDOM_FUNCTION_ACTIVATED,2018-09-12 14:32:12.841
MOVE_RANDOM_FUNCTION_ACTIVATED,2018-09-12 14:32:12.858
MOVE_RANDOM_FUNCTION_ACTIVATED,2018-09-12 14:32:13.079
MOVE_RANDOM_FUNCTION_ACTIVATED,2018-09-12 14:32:13.095
MOVE_RANDOM_FUNCTION_ACTIVATED,2018-09-12 14:32:13.112
MOVE_RANDOM_FUNCTION_ACTIVATED,2018-09-12 14:32:13.129
MOVE_RANDOM_FUNCTION_ACTIVATED,2018-09-12 14:32:13.148
MOVE_RANDOM_FUNCTION_ACTIVATED,2018-09-12 14:32:13.165
MOVE_RANDOM_FUNCTION_ACTIVATED,2018-09-12 14:32:13.182
MOVE_RANDOM_FUNCTION_ACTIVATED,2018-09-12 14:32:13.201
MOVE_RANDOM_FUNCTION_ACTIVATED,2018-09-12 14:32:13.218
MOVE_RANDOM_FUNCTION_ACTIVATED,2018-09-12 14:32:13.235
MOVE_RANDOM_FUNCTION_ACTIVATED,2018-09-12 14:32:13.252
MOVE_RANDOM_FUNCTION_ACTIVATED,2018-09-12 14:32:13.269
MOVE_RANDOM_FUNCTION_ACTIVATED,2018-09-12 14:32:13.285
MOVE_RANDOM_FUNCTION_ACTIVATED,2018-09-12 14:32:13.305
MOVE_RANDOM_FUNCTION_ACTIVATED,2018-09-12 14:32:13.322
MOVE_RANDOM_FUNCTION_ACTIVATED,2018-09-12 14:32:13.339
MOVE_RANDOM_FUNCTION_ACTIVATED,2018-09-12 14:32:13.356
MOVE_RANDOM_FUNCTION_ACTIVATED,2018-09-12 14:32:13.373
MOVE_RANDOM_FUNCTION_ACTIVATED,2018-09-12 14:32:13.390
MOVE_RANDOM_FUNCTION_ACTIVATED,2018-09-12 14:32:13.407
MOVE_RANDOM_FUNCTION_ACTIVATED,2018-09-12 14:32:13.423
MOVE_RANDOM_FUNCTION_ACTIVATED,2018-09-12 14:32:13.441
MOVE_RANDOM_FUNCTION_ACTIVATED,2018-09-12 14:32:13.457
MOVE_RANDOM_FUNCTION_ACTIVATED,2018-09-12 14:32:13.474
MOVE_RANDOM_FUNCTION_ACTIVATED,2018-09-12 14:32:13.491
MOVE_RANDOM_FUNCTION_ACTIVATED,2018-09-12 14:32:13.508
MOVE_RANDOM_FUNCTION_ACTIVATED,2018-09-12 14:32:13.525
MOVE_RANDOM_FUNCTION_ACTIVATED,2018-09-12 14:32:13.542
MOVE_RANDOM_FUNCTION_ACTIVATED,2018-09-12 14:32:13.559
MOVE_RANDOM_FUNCTION_ACTIVATED,2018-09-12 14:32:13.580
MOVE_RANDOM_FUNCTION_ACTIVATED,2018-09-12 14:32:13.597
MOVE_RANDOM_FUNCTION_ACTIVATED,2018-09-12 14:32:13.613
MOVE_RANDOM_FUNCTION_ACTIVATED,2018-09-12 14:32:13.630
MOVE_RANDOM_FUNCTION_ACTIVATED,2018-09-12 14:32:13.647
MOVE_RANDOM_FUNCTION_ACTIVATED,2018-09-12 14:32:13.664
MOVE_RANDOM_FUNCTION_ACTIVATED,2018-09-12 14:32:13.680
MOVE_RANDOM_FUNCTION_ACTIVATED,2018-09-12 14:32:13.698
MOVE_RANDOM_FUNCTION_ACTIVATED,2018-09-12 14:32:13.717
MOVE_RANDOM_FUNCTION_ACTIVATED,2018-09-12 14:32:13.734
MOVE_RANDOM_FUNCTION_ACTIVATED,2018-09-12 14:32:13.751
MOVE_RANDOM_FUNCTION_ACTIVATED,2018-09-12 14:32:13.768
MOVE_RANDOM_FUNCTION_ACTIVATED,2018-09-12 14:32:13.785
MOVE_RANDOM_FUNCTION_ACTIVATED,2018-09-12 14:32:13.802
MOVE_RANDOM_FUNCTION_ACTIVATED,2018-09-12 14:32:13.819
MOVE_RANDOM_FUNCTION_ACTIVATED,2018-09-12 14:32:13.837
MOVE_RANDOM_FUNCTION_ACTIVATED,2018-09-12 14:32:13.854
MOVE_RANDOM_FUNCTION_ACTIVATED,2018-09-12 14:32:13.871
MOVE_RANDOM_FUNCTION_ACTIVATED,2018-09-12 14:32:13.887
MOVE_RANDOM_FUNCTION_ACTIVATED,2018-09-12 14:32:13.903
MOVE_RANDOM_FUNCTION_ACTIVATED,2018-09-12 14:32:13.920
MOVE_RANDOM_FUNCTION_ACTIVATED,2018-09-12 14:32:13.937
MOVE_RANDOM_FUNCTION_ACTIVATED,2018-09-12 14:32:13.954
MOVE_RANDOM_FUNCTION_ACTIVATED,2018-09-12 14:32:13.971
MOVE_RANDOM_FUNCTION_ACTIVATED,2018-09-12 14:32:13.987
MOVE_RANDOM_FUNCTION_ACTIVATED,2018-09-12 14:32:14.004
MOVE_RANDOM_FUNCTION_ACTIVATED,2018-09-12 14:32:14.021
MOVE_RANDOM_FUNCTION_ACTIVATED,2018-09-12 14:32:14.038
MOVE_RANDOM_FUNCTION_ACTIVATED,2018-09-12 14:32:14.055
MOVE_RANDOM_FUNCTION_ACTIVATED,2018-09-12 14:32:14.071
MOVE_RANDOM_FUNCTION_ACTIVATED,2018-09-12 14:32:14.088
MOVE_RANDOM_FUNCTION_ACTIVATED,2018-09-12 14:32:14.105
MOVE_RANDOM_FUNCTION_ACTIVATED,2018-09-12 14:32:14.122
MOVE_RANDOM_FUNCTION_ACTIVATED,2018-09-12 14:32:14.139
MOVE_RANDOM_FUNCTION_ACTIVATED,2018-09-12 14:32:14.156
MOVE_RANDOM_FUNCTION_ACTIVATED,2018-09-12 14:32:14.173
MOVE_RANDOM_FUNCTION_ACTIVATED,2018-09-12 14:32:14.189
MOVE_RANDOM_FUNCTION_ACTIVATED,2018-09-12 14:32:14.207
MOVE_RANDOM_FUNCTION_ACTIVATED,2018-09-12 14:32:14.225
MOVE_RANDOM_FUNCTION_ACTIVATED,2018-09-12 14:32:14.242
MOVE_RANDOM_FUNCTION_ACTIVATED,2018-09-12 14:32:14.258
MOVE_RANDOM_FUNCTION_ACTIVATED,2018-09-12 14:32:14.275
MOVE_RANDOM_FUNCTION_ACTIVATED,2018-09-12 14:32:14.292
MOVE_RANDOM_FUNCTION_ACTIVATED,2018-09-12 14:32:14.309
MOVE_RANDOM_FUNCTION_ACTIVATED,2018-09-12 14:32:14.327
MOVE_RANDOM_FUNCTION_ACTIVATED,2018-09-12 14:32:14.346
MOVE_RANDOM_FUNCTION_ACTIVATED,2018-09-12 14:32:14.361
MOVE_RANDOM_FUNCTION_ACTIVATED,2018-09-12 14:32:14.380
MOVE_RANDOM_FUNCTION_ACTIVATED,2018-09-12 14:32:14.397
MOVE_RANDOM_FUNCTION_ACTIVATED,2018-09-12 14:32:14.413
MOVE_RANDOM_FUNCTION_ACTIVATED,2018-09-12 14:32:14.430
MOVE_RANDOM_FUNCTION_ACTIVATED,2018-09-12 14:32:14.446
MOVE_RANDOM_FUNCTION_ACTIVATED,2018-09-12 14:32:14.462
MOVE_RANDOM_FUNCTION_ACTIVATED,2018-09-12 14:32:14.479
MOVE_RANDOM_FUNCTION_ACTIVATED,2018-09-12 14:32:14.496
MOVE_RANDOM_FUNCTION_ACTIVATED,2018-09-12 14:32:14.513
MOVE_RANDOM_FUNCTION_ACTIVATED,2018-09-12 14:32:14.530
MOVE_RANDOM_FUNCTION_ACTIVATED,2018-09-12 14:32:14.547
MOVE_RANDOM_FUNCTION_ACTIVATED,2018-09-12 14:32:14.563
MOVE_RANDOM_FUNCTION_ACTIVATED,2018-09-12 14:32:14.581
MOVE_RANDOM_FUNCTION_ACTIVATED,2018-09-12 14:32:14.598
MOVE_RANDOM_FUNCTION_ACTIVATED,2018-09-12 14:32:14.614
MOVE_RANDOM_FUNCTION_ACTIVATED,2018-09-12 14:32:14.631
MOVE_RANDOM_FUNCTION_ACTIVATED,2018-09-12 14:32:14.647
MOVE_RANDOM_FUNCTION_ACTIVATED,2018-09-12 14:32:14.664
MOVE_RANDOM_FUNCTION_ACTIVATED,2018-09-12 14:32:14.681
MOVE_RANDOM_FUNCTION_ACTIVATED,2018-09-12 14:32:14.698
MOVE_RANDOM_FUNCTION_ACTIVATED,2018-09-12 14:32:14.715
MOVE_RANDOM_FUNCTION_ACTIVATED,2018-09-12 14:32:14.732
MOVE_RANDOM_FUNCTION_ACTIVATED,2018-09-12 14:32:14.748
MOVE_RANDOM_FUNCTION_ACTIVATED,2018-09-12 14:32:14.765
MOVE_RANDOM_FUNCTION_ACTIVATED,2018-09-12 14:32:14.783
MOVE_RANDOM_FUNCTION_ACTIVATED,2018-09-12 14:32:14.800
MOVE_RANDOM_FUNCTION_ACTIVATED,2018-09-12 14:32:14.816
MOVE_RANDOM_FUNCTION_ACTIVATED,2018-09-12 14:32:14.833
MOVE_RANDOM_FUNCTION_ACTIVATED,2018-09-12 14:32:14.853
MOVE_RANDOM_FUNCTION_ACTIVATED,2018-09-12 14:32:14.870
MOVE_RANDOM_FUNCTION_ACTIVATED,2018-09-12 14:32:14.888
MOVE_RANDOM_FUNCTION_ACTIVATED,2018-09-12 14:32:14.906
MOVE_RANDOM_FUNCTION_ACTIVATED,2018-09-12 14:32:14.924
MOVE_RANDOM_FUNCTION_ACTIVATED,2018-09-12 14:32:14.941
MOVE_RANDOM_FUNCTION_ACTIVATED,2018-09-12 14:32:14.957
MOVE_RANDOM_FUNCTION_ACTIVATED,2018-09-12 14:32:14.974
MOVE_RANDOM_FUNCTION_ACTIVATED,2018-09-12 14:32:14.991
MOVE_RANDOM_FUNCTION_ACTIVATED,2018-09-12 14:32:15.007
MOVE_RANDOM_FUNCTION_ACTIVATED,2018-09-12 14:32:15.076
MOVE_RANDOM_FUNCTION_ACTIVATED,2018-09-12 14:32:15.094
MOVE_RANDOM_FUNCTION_ACTIVATED,2018-09-12 14:32:15.114
END_RANDOM_MOVEMENT,2018-09-12 14:32:15.131
ZOMBIE_EATS,2018-09-12 14:32:15.350
ZOMBIE_SCREAM,2018-09-12 14:32:16.130
START_RANDOM_MOVEMENT,2018-09-12 14:32:16.130
MOVE_RANDOM_FUNCTION_ACTIVATED,2018-09-12 14:32:16.130
MOVE_RANDOM_FUNCTION_ACTIVATED,2018-09-12 14:32:16.146
MOVE_RANDOM_FUNCTION_ACTIVATED,2018-09-12 14:32:16.162
MOVE_RANDOM_FUNCTION_ACTIVATED,2018-09-12 14:32:16.178
MOVE_RANDOM_FUNCTION_ACTIVATED,2018-09-12 14:32:16.195
MOVE_RANDOM_FUNCTION_ACTIVATED,2018-09-12 14:32:16.212
MOVE_RANDOM_FUNCTION_ACTIVATED,2018-09-12 14:32:16.229
MOVE_RANDOM_FUNCTION_ACTIVATED,2018-09-12 14:32:16.246
MOVE_RANDOM_FUNCTION_ACTIVATED,2018-09-12 14:32:16.263
MOVE_RANDOM_FUNCTION_ACTIVATED,2018-09-12 14:32:16.280
MOVE_RANDOM_FUNCTION_ACTIVATED,2018-09-12 14:32:16.297
MOVE_RANDOM_FUNCTION_ACTIVATED,2018-09-12 14:32:16.314
MOVE_RANDOM_FUNCTION_ACTIVATED,2018-09-12 14:32:16.331
MOVE_RANDOM_FUNCTION_ACTIVATED,2018-09-12 14:32:16.347
MOVE_RANDOM_FUNCTION_ACTIVATED,2018-09-12 14:32:16.365
MOVE_RANDOM_FUNCTION_ACTIVATED,2018-09-12 14:32:16.382
MOVE_RANDOM_FUNCTION_ACTIVATED,2018-09-12 14:32:16.399
MOVE_RANDOM_FUNCTION_ACTIVATED,2018-09-12 14:32:16.415
MOVE_RANDOM_FUNCTION_ACTIVATED,2018-09-12 14:32:16.431
MOVE_RANDOM_FUNCTION_ACTIVATED,2018-09-12 14:32:16.452
MOVE_RANDOM_FUNCTION_ACTIVATED,2018-09-12 14:32:16.469
MOVE_RANDOM_FUNCTION_ACTIVATED,2018-09-12 14:32:16.487
MOVE_RANDOM_FUNCTION_ACTIVATED,2018-09-12 14:32:16.504
MOVE_RANDOM_FUNCTION_ACTIVATED,2018-09-12 14:32:16.521
MOVE_RANDOM_FUNCTION_ACTIVATED,2018-09-12 14:32:16.537
MOVE_RANDOM_FUNCTION_ACTIVATED,2018-09-12 14:32:16.555
MOVE_RANDOM_FUNCTION_ACTIVATED,2018-09-12 14:32:16.573
MOVE_RANDOM_FUNCTION_ACTIVATED,2018-09-12 14:32:16.591
MOVE_RANDOM_FUNCTION_ACTIVATED,2018-09-12 14:32:16.780
MOVE_RANDOM_FUNCTION_ACTIVATED,2018-09-12 14:32:16.798
MOVE_RANDOM_FUNCTION_ACTIVATED,2018-09-12 14:32:16.815
MOVE_RANDOM_FUNCTION_ACTIVATED,2018-09-12 14:32:16.832
MOVE_RANDOM_FUNCTION_ACTIVATED,2018-09-12 14:32:16.849
MOVE_RANDOM_FUNCTION_ACTIVATED,2018-09-12 14:32:16.867
MOVE_RANDOM_FUNCTION_ACTIVATED,2018-09-12 14:32:16.884
MOVE_RANDOM_FUNCTION_ACTIVATED,2018-09-12 14:32:16.900
MOVE_RANDOM_FUNCTION_ACTIVATED,2018-09-12 14:32:16.916
MOVE_RANDOM_FUNCTION_ACTIVATED,2018-09-12 14:32:16.932
MOVE_RANDOM_FUNCTION_ACTIVATED,2018-09-12 14:32:16.949
MOVE_RANDOM_FUNCTION_ACTIVATED,2018-09-12 14:32:16.966
MOVE_RANDOM_FUNCTION_ACTIVATED,2018-09-12 14:32:16.983
MOVE_RANDOM_FUNCTION_ACTIVATED,2018-09-12 14:32:16.999
MOVE_RANDOM_FUNCTION_ACTIVATED,2018-09-12 14:32:17.016
MOVE_RANDOM_FUNCTION_ACTIVATED,2018-09-12 14:32:17.033
MOVE_RANDOM_FUNCTION_ACTIVATED,2018-09-12 14:32:17.049
MOVE_RANDOM_FUNCTION_ACTIVATED,2018-09-12 14:32:17.066
MOVE_RANDOM_FUNCTION_ACTIVATED,2018-09-12 14:32:17.083
MOVE_RANDOM_FUNCTION_ACTIVATED,2018-09-12 14:32:17.099
MOVE_RANDOM_FUNCTION_ACTIVATED,2018-09-12 14:32:17.116
MOVE_RANDOM_FUNCTION_ACTIVATED,2018-09-12 14:32:17.133
MOVE_RANDOM_FUNCTION_ACTIVATED,2018-09-12 14:32:17.151
MOVE_RANDOM_FUNCTION_ACTIVATED,2018-09-12 14:32:17.168
MOVE_RANDOM_FUNCTION_ACTIVATED,2018-09-12 14:32:17.185
MOVE_RANDOM_FUNCTION_ACTIVATED,2018-09-12 14:32:17.202
MOVE_RANDOM_FUNCTION_ACTIVATED,2018-09-12 14:32:17.219
MOVE_RANDOM_FUNCTION_ACTIVATED,2018-09-12 14:32:17.506
MOVE_RANDOM_FUNCTION_ACTIVATED,2018-09-12 14:32:17.523
MOVE_RANDOM_FUNCTION_ACTIVATED,2018-09-12 14:32:17.540
MOVE_RANDOM_FUNCTION_ACTIVATED,2018-09-12 14:32:17.557
MOVE_RANDOM_FUNCTION_ACTIVATED,2018-09-12 14:32:17.574
MOVE_RANDOM_FUNCTION_ACTIVATED,2018-09-12 14:32:17.591
MOVE_RANDOM_FUNCTION_ACTIVATED,2018-09-12 14:32:17.608
MOVE_RANDOM_FUNCTION_ACTIVATED,2018-09-12 14:32:17.625
MOVE_RANDOM_FUNCTION_ACTIVATED,2018-09-12 14:32:17.642
MOVE_RANDOM_FUNCTION_ACTIVATED,2018-09-12 14:32:17.659
MOVE_RANDOM_FUNCTION_ACTIVATED,2018-09-12 14:32:17.676
MOVE_RANDOM_FUNCTION_ACTIVATED,2018-09-12 14:32:17.693
MOVE_RANDOM_FUNCTION_ACTIVATED,2018-09-12 14:32:17.710
MOVE_RANDOM_FUNCTION_ACTIVATED,2018-09-12 14:32:17.727
MOVE_RANDOM_FUNCTION_ACTIVATED,2018-09-12 14:32:17.745
MOVE_RANDOM_FUNCTION_ACTIVATED,2018-09-12 14:32:17.762
MOVE_RANDOM_FUNCTION_ACTIVATED,2018-09-12 14:32:17.778
MOVE_RANDOM_FUNCTION_ACTIVATED,2018-09-12 14:32:17.795
MOVE_RANDOM_FUNCTION_ACTIVATED,2018-09-12 14:32:17.812
MOVE_RANDOM_FUNCTION_ACTIVATED,2018-09-12 14:32:17.830
MOVE_RANDOM_FUNCTION_ACTIVATED,2018-09-12 14:32:17.847
MOVE_RANDOM_FUNCTION_ACTIVATED,2018-09-12 14:32:17.866
MOVE_RANDOM_FUNCTION_ACTIVATED,2018-09-12 14:32:17.882
MOVE_RANDOM_FUNCTION_ACTIVATED,2018-09-12 14:32:17.899
MOVE_RANDOM_FUNCTION_ACTIVATED,2018-09-12 14:32:17.916
MOVE_RANDOM_FUNCTION_ACTIVATED,2018-09-12 14:32:17.933
MOVE_RANDOM_FUNCTION_ACTIVATED,2018-09-12 14:32:17.950
MOVE_RANDOM_FUNCTION_ACTIVATED,2018-09-12 14:32:17.967
MOVE_RANDOM_FUNCTION_ACTIVATED,2018-09-12 14:32:17.985
MOVE_RANDOM_FUNCTION_ACTIVATED,2018-09-12 14:32:18.001
MOVE_RANDOM_FUNCTION_ACTIVATED,2018-09-12 14:32:18.018
MOVE_RANDOM_FUNCTION_ACTIVATED,2018-09-12 14:32:18.035
MOVE_RANDOM_FUNCTION_ACTIVATED,2018-09-12 14:32:18.053
ZOMBIE_SCREAM,2018-09-12 14:32:18.121
START_RANDOM_MOVEMENT,2018-09-12 14:32:18.121
MOVE_RANDOM_FUNCTION_ACTIVATED,2018-09-12 14:32:18.174
MOVE_RANDOM_FUNCTION_ACTIVATED,2018-09-12 14:32:18.194
MOVE_RANDOM_FUNCTION_ACTIVATED,2018-09-12 14:32:18.211
MOVE_RANDOM_FUNCTION_ACTIVATED,2018-09-12 14:32:18.228
MOVE_RANDOM_FUNCTION_ACTIVATED,2018-09-12 14:32:18.245
MOVE_RANDOM_FUNCTION_ACTIVATED,2018-09-12 14:32:18.263
MOVE_RANDOM_FUNCTION_ACTIVATED,2018-09-12 14:32:18.280
MOVE_RANDOM_FUNCTION_ACTIVATED,2018-09-12 14:32:18.297
MOVE_RANDOM_FUNCTION_ACTIVATED,2018-09-12 14:32:18.313
MOVE_RANDOM_FUNCTION_ACTIVATED,2018-09-12 14:32:18.332
MOVE_RANDOM_FUNCTION_ACTIVATED,2018-09-12 14:32:18.349
MOVE_RANDOM_FUNCTION_ACTIVATED,2018-09-12 14:32:18.366
MOVE_RANDOM_FUNCTION_ACTIVATED,2018-09-12 14:32:18.383
MOVE_RANDOM_FUNCTION_ACTIVATED,2018-09-12 14:32:18.400
MOVE_RANDOM_FUNCTION_ACTIVATED,2018-09-12 14:32:18.417
MOVE_RANDOM_FUNCTION_ACTIVATED,2018-09-12 14:32:18.433
MOVE_RANDOM_FUNCTION_ACTIVATED,2018-09-12 14:32:18.449
MOVE_RANDOM_FUNCTION_ACTIVATED,2018-09-12 14:32:18.466
MOVE_RANDOM_FUNCTION_ACTIVATED,2018-09-12 14:32:18.486
MOVE_RANDOM_FUNCTION_ACTIVATED,2018-09-12 14:32:18.504
MOVE_RANDOM_FUNCTION_ACTIVATED,2018-09-12 14:32:18.521
MOVE_RANDOM_FUNCTION_ACTIVATED,2018-09-12 14:32:18.707
MOVE_RANDOM_FUNCTION_ACTIVATED,2018-09-12 14:32:18.724
MOVE_RANDOM_FUNCTION_ACTIVATED,2018-09-12 14:32:18.741
MOVE_RANDOM_FUNCTION_ACTIVATED,2018-09-12 14:32:18.759
MOVE_RANDOM_FUNCTION_ACTIVATED,2018-09-12 14:32:18.776
MOVE_RANDOM_FUNCTION_ACTIVATED,2018-09-12 14:32:18.793
MOVE_RANDOM_FUNCTION_ACTIVATED,2018-09-12 14:32:18.810
MOVE_RANDOM_FUNCTION_ACTIVATED,2018-09-12 14:32:18.829
MOVE_RANDOM_FUNCTION_ACTIVATED,2018-09-12 14:32:18.846
MOVE_RANDOM_FUNCTION_ACTIVATED,2018-09-12 14:32:18.863
MOVE_RANDOM_FUNCTION_ACTIVATED,2018-09-12 14:32:18.880
MOVE_RANDOM_FUNCTION_ACTIVATED,2018-09-12 14:32:18.897
MOVE_RANDOM_FUNCTION_ACTIVATED,2018-09-12 14:32:18.914
MOVE_RANDOM_FUNCTION_ACTIVATED,2018-09-12 14:32:18.930
MOVE_RANDOM_FUNCTION_ACTIVATED,2018-09-12 14:32:18.947
MOVE_RANDOM_FUNCTION_ACTIVATED,2018-09-12 14:32:18.964
MOVE_RANDOM_FUNCTION_ACTIVATED,2018-09-12 14:32:18.981
MOVE_RANDOM_FUNCTION_ACTIVATED,2018-09-12 14:32:19.001
MOVE_RANDOM_FUNCTION_ACTIVATED,2018-09-12 14:32:19.018
MOVE_RANDOM_FUNCTION_ACTIVATED,2018-09-12 14:32:19.036
MOVE_RANDOM_FUNCTION_ACTIVATED,2018-09-12 14:32:19.053
MOVE_RANDOM_FUNCTION_ACTIVATED,2018-09-12 14:32:19.069
MOVE_RANDOM_FUNCTION_ACTIVATED,2018-09-12 14:32:19.085
MOVE_RANDOM_FUNCTION_ACTIVATED,2018-09-12 14:32:19.101
MOVE_RANDOM_FUNCTION_ACTIVATED,2018-09-12 14:32:19.117
MOVE_RANDOM_FUNCTION_ACTIVATED,2018-09-12 14:32:19.133
MOVE_RANDOM_FUNCTION_ACTIVATED,2018-09-12 14:32:19.287
MOVE_RANDOM_FUNCTION_ACTIVATED,2018-09-12 14:32:19.304
MOVE_RANDOM_FUNCTION_ACTIVATED,2018-09-12 14:32:19.321
MOVE_RANDOM_FUNCTION_ACTIVATED,2018-09-12 14:32:19.338
MOVE_RANDOM_FUNCTION_ACTIVATED,2018-09-12 14:32:19.354
MOVE_RANDOM_FUNCTION_ACTIVATED,2018-09-12 14:32:19.374
MOVE_RANDOM_FUNCTION_ACTIVATED,2018-09-12 14:32:19.391
MOVE_RANDOM_FUNCTION_ACTIVATED,2018-09-12 14:32:19.411
MOVE_RANDOM_FUNCTION_ACTIVATED,2018-09-12 14:32:19.428
MOVE_RANDOM_FUNCTION_ACTIVATED,2018-09-12 14:32:19.446
MOVE_RANDOM_FUNCTION_ACTIVATED,2018-09-12 14:32:19.462
MOVE_RANDOM_FUNCTION_ACTIVATED,2018-09-12 14:32:19.479
MOVE_RANDOM_FUNCTION_ACTIVATED,2018-09-12 14:32:19.496
MOVE_RANDOM_FUNCTION_ACTIVATED,2018-09-12 14:32:19.513
MOVE_RANDOM_FUNCTION_ACTIVATED,2018-09-12 14:32:19.529
MOVE_RANDOM_FUNCTION_ACTIVATED,2018-09-12 14:32:19.547
MOVE_RANDOM_FUNCTION_ACTIVATED,2018-09-12 14:32:19.564
MOVE_RANDOM_FUNCTION_ACTIVATED,2018-09-12 14:32:19.581
MOVE_RANDOM_FUNCTION_ACTIVATED,2018-09-12 14:32:19.597
MOVE_RANDOM_FUNCTION_ACTIVATED,2018-09-12 14:32:19.614
MOVE_RANDOM_FUNCTION_ACTIVATED,2018-09-12 14:32:19.631
MOVE_RANDOM_FUNCTION_ACTIVATED,2018-09-12 14:32:19.648
MOVE_RANDOM_FUNCTION_ACTIVATED,2018-09-12 14:32:19.664
MOVE_RANDOM_FUNCTION_ACTIVATED,2018-09-12 14:32:19.681
MOVE_RANDOM_FUNCTION_ACTIVATED,2018-09-12 14:32:19.698
MOVE_RANDOM_FUNCTION_ACTIVATED,2018-09-12 14:32:19.715
MOVE_RANDOM_FUNCTION_ACTIVATED,2018-09-12 14:32:19.732
MOVE_RANDOM_FUNCTION_ACTIVATED,2018-09-12 14:32:19.749
MOVE_RANDOM_FUNCTION_ACTIVATED,2018-09-12 14:32:19.766
MOVE_RANDOM_FUNCTION_ACTIVATED,2018-09-12 14:32:19.783
MOVE_RANDOM_FUNCTION_ACTIVATED,2018-09-12 14:32:19.800
MOVE_RANDOM_FUNCTION_ACTIVATED,2018-09-12 14:32:19.935
MOVE_RANDOM_FUNCTION_ACTIVATED,2018-09-12 14:32:19.954
MOVE_RANDOM_FUNCTION_ACTIVATED,2018-09-12 14:32:19.971
MOVE_RANDOM_FUNCTION_ACTIVATED,2018-09-12 14:32:19.988
MOVE_RANDOM_FUNCTION_ACTIVATED,2018-09-12 14:32:20.005
MOVE_RANDOM_FUNCTION_ACTIVATED,2018-09-12 14:32:20.021
MOVE_RANDOM_FUNCTION_ACTIVATED,2018-09-12 14:32:20.037
MOVE_RANDOM_FUNCTION_ACTIVATED,2018-09-12 14:32:20.056
MOVE_RANDOM_FUNCTION_ACTIVATED,2018-09-12 14:32:20.073
MOVE_RANDOM_FUNCTION_ACTIVATED,2018-09-12 14:32:20.089
MOVE_RANDOM_FUNCTION_ACTIVATED,2018-09-12 14:32:20.106
MOVE_RANDOM_FUNCTION_ACTIVATED,2018-09-12 14:32:20.123
MOVE_RANDOM_FUNCTION_ACTIVATED,2018-09-12 14:32:20.140
MOVE_RANDOM_FUNCTION_ACTIVATED,2018-09-12 14:32:20.157
MOVE_RANDOM_FUNCTION_ACTIVATED,2018-09-12 14:32:20.174
MOVE_RANDOM_FUNCTION_ACTIVATED,2018-09-12 14:32:20.191
MOVE_RANDOM_FUNCTION_ACTIVATED,2018-09-12 14:32:20.209
MOVE_RANDOM_FUNCTION_ACTIVATED,2018-09-12 14:32:20.226
MOVE_RANDOM_FUNCTION_ACTIVATED,2018-09-12 14:32:20.243
MOVE_RANDOM_FUNCTION_ACTIVATED,2018-09-12 14:32:20.260
MOVE_RANDOM_FUNCTION_ACTIVATED,2018-09-12 14:32:20.276
MOVE_RANDOM_FUNCTION_ACTIVATED,2018-09-12 14:32:20.293
MOVE_RANDOM_FUNCTION_ACTIVATED,2018-09-12 14:32:20.309
MOVE_RANDOM_FUNCTION_ACTIVATED,2018-09-12 14:32:20.326
MOVE_RANDOM_FUNCTION_ACTIVATED,2018-09-12 14:32:20.343
MOVE_RANDOM_FUNCTION_ACTIVATED,2018-09-12 14:32:20.360
MOVE_RANDOM_FUNCTION_ACTIVATED,2018-09-12 14:32:20.377
MOVE_RANDOM_FUNCTION_ACTIVATED,2018-09-12 14:32:20.394
MOVE_RANDOM_FUNCTION_ACTIVATED,2018-09-12 14:32:20.414
MOVE_RANDOM_FUNCTION_ACTIVATED,2018-09-12 14:32:20.433
MOVE_RANDOM_FUNCTION_ACTIVATED,2018-09-12 14:32:20.449
MOVE_RANDOM_FUNCTION_ACTIVATED,2018-09-12 14:32:20.466
MOVE_RANDOM_FUNCTION_ACTIVATED,2018-09-12 14:32:20.483
MOVE_RANDOM_FUNCTION_ACTIVATED,2018-09-12 14:32:20.500
MOVE_RANDOM_FUNCTION_ACTIVATED,2018-09-12 14:32:20.517
MOVE_RANDOM_FUNCTION_ACTIVATED,2018-09-12 14:32:20.534
MOVE_RANDOM_FUNCTION_ACTIVATED,2018-09-12 14:32:20.551
MOVE_RANDOM_FUNCTION_ACTIVATED,2018-09-12 14:32:20.568
MOVE_RANDOM_FUNCTION_ACTIVATED,2018-09-12 14:32:20.586
MOVE_RANDOM_FUNCTION_ACTIVATED,2018-09-12 14:32:20.603
MOVE_RANDOM_FUNCTION_ACTIVATED,2018-09-12 14:32:20.620
MOVE_RANDOM_FUNCTION_ACTIVATED,2018-09-12 14:32:20.637
MOVE_RANDOM_FUNCTION_ACTIVATED,2018-09-12 14:32:20.653
MOVE_RANDOM_FUNCTION_ACTIVATED,2018-09-12 14:32:20.670
MOVE_RANDOM_FUNCTION_ACTIVATED,2018-09-12 14:32:20.687
MOVE_RANDOM_FUNCTION_ACTIVATED,2018-09-12 14:32:20.704
MOVE_RANDOM_FUNCTION_ACTIVATED,2018-09-12 14:32:20.721
MOVE_RANDOM_FUNCTION_ACTIVATED,2018-09-12 14:32:20.738
MOVE_RANDOM_FUNCTION_ACTIVATED,2018-09-12 14:32:20.754
MOVE_RANDOM_FUNCTION_ACTIVATED,2018-09-12 14:32:20.773
MOVE_RANDOM_FUNCTION_ACTIVATED,2018-09-12 14:32:20.790
MOVE_RANDOM_FUNCTION_ACTIVATED,2018-09-12 14:32:20.807
MOVE_RANDOM_FUNCTION_ACTIVATED,2018-09-12 14:32:20.823
MOVE_RANDOM_FUNCTION_ACTIVATED,2018-09-12 14:32:20.840
MOVE_RANDOM_FUNCTION_ACTIVATED,2018-09-12 14:32:20.860
MOVE_RANDOM_FUNCTION_ACTIVATED,2018-09-12 14:32:20.877
MOVE_RANDOM_FUNCTION_ACTIVATED,2018-09-12 14:32:20.894
MOVE_RANDOM_FUNCTION_ACTIVATED,2018-09-12 14:32:20.911
MOVE_RANDOM_FUNCTION_ACTIVATED,2018-09-12 14:32:20.927
MOVE_RANDOM_FUNCTION_ACTIVATED,2018-09-12 14:32:20.944
MOVE_RANDOM_FUNCTION_ACTIVATED,2018-09-12 14:32:20.962
MOVE_RANDOM_FUNCTION_ACTIVATED,2018-09-12 14:32:20.981
MOVE_RANDOM_FUNCTION_ACTIVATED,2018-09-12 14:32:20.998
MOVE_RANDOM_FUNCTION_ACTIVATED,2018-09-12 14:32:21.014
MOVE_RANDOM_FUNCTION_ACTIVATED,2018-09-12 14:32:21.032
MOVE_RANDOM_FUNCTION_ACTIVATED,2018-09-12 14:32:21.049
MOVE_RANDOM_FUNCTION_ACTIVATED,2018-09-12 14:32:21.066
MOVE_RANDOM_FUNCTION_ACTIVATED,2018-09-12 14:32:21.083
MOVE_RANDOM_FUNCTION_ACTIVATED,2018-09-12 14:32:21.100
MOVE_RANDOM_FUNCTION_ACTIVATED,2018-09-12 14:32:21.117
END_RANDOM_MOVEMENT,2018-09-12 14:32:21.132
ZOMBIE_EATS,2018-09-12 14:32:21.910
ZOMBIE_EATS,2018-09-12 14:32:23.064
START_HUMAN_ERROR,2018-09-12 14:32:24.128
END_HUMAN_ERROR,2018-09-12 14:32:25.129
ZOMBIE_SCREAM,2018-09-12 14:32:26.130
START_RANDOM_MOVEMENT,2018-09-12 14:32:26.131
MOVE_RANDOM_FUNCTION_ACTIVATED,2018-09-12 14:32:26.131
MOVE_RANDOM_FUNCTION_ACTIVATED,2018-09-12 14:32:26.147
MOVE_RANDOM_FUNCTION_ACTIVATED,2018-09-12 14:32:26.165
MOVE_RANDOM_FUNCTION_ACTIVATED,2018-09-12 14:32:26.182
MOVE_RANDOM_FUNCTION_ACTIVATED,2018-09-12 14:32:26.200
MOVE_RANDOM_FUNCTION_ACTIVATED,2018-09-12 14:32:26.216
MOVE_RANDOM_FUNCTION_ACTIVATED,2018-09-12 14:32:26.235
MOVE_RANDOM_FUNCTION_ACTIVATED,2018-09-12 14:32:26.250
MOVE_RANDOM_FUNCTION_ACTIVATED,2018-09-12 14:32:26.267
MOVE_RANDOM_FUNCTION_ACTIVATED,2018-09-12 14:32:26.284
MOVE_RANDOM_FUNCTION_ACTIVATED,2018-09-12 14:32:26.301
MOVE_RANDOM_FUNCTION_ACTIVATED,2018-09-12 14:32:26.318
MOVE_RANDOM_FUNCTION_ACTIVATED,2018-09-12 14:32:26.334
MOVE_RANDOM_FUNCTION_ACTIVATED,2018-09-12 14:32:26.352
MOVE_RANDOM_FUNCTION_ACTIVATED,2018-09-12 14:32:26.369
MOVE_RANDOM_FUNCTION_ACTIVATED,2018-09-12 14:32:26.386
MOVE_RANDOM_FUNCTION_ACTIVATED,2018-09-12 14:32:26.404
MOVE_RANDOM_FUNCTION_ACTIVATED,2018-09-12 14:32:26.421
MOVE_RANDOM_FUNCTION_ACTIVATED,2018-09-12 14:32:26.437
MOVE_RANDOM_FUNCTION_ACTIVATED,2018-09-12 14:32:26.454
MOVE_RANDOM_FUNCTION_ACTIVATED,2018-09-12 14:32:26.576
MOVE_RANDOM_FUNCTION_ACTIVATED,2018-09-12 14:32:26.593
MOVE_RANDOM_FUNCTION_ACTIVATED,2018-09-12 14:32:26.610
MOVE_RANDOM_FUNCTION_ACTIVATED,2018-09-12 14:32:26.626
MOVE_RANDOM_FUNCTION_ACTIVATED,2018-09-12 14:32:26.642
MOVE_RANDOM_FUNCTION_ACTIVATED,2018-09-12 14:32:26.659
MOVE_RANDOM_FUNCTION_ACTIVATED,2018-09-12 14:32:26.675
MOVE_RANDOM_FUNCTION_ACTIVATED,2018-09-12 14:32:26.694
MOVE_RANDOM_FUNCTION_ACTIVATED,2018-09-12 14:32:26.711
MOVE_RANDOM_FUNCTION_ACTIVATED,2018-09-12 14:32:26.728
MOVE_RANDOM_FUNCTION_ACTIVATED,2018-09-12 14:32:26.744
MOVE_RANDOM_FUNCTION_ACTIVATED,2018-09-12 14:32:26.760
MOVE_RANDOM_FUNCTION_ACTIVATED,2018-09-12 14:32:26.778
MOVE_RANDOM_FUNCTION_ACTIVATED,2018-09-12 14:32:26.795
MOVE_RANDOM_FUNCTION_ACTIVATED,2018-09-12 14:32:26.812
MOVE_RANDOM_FUNCTION_ACTIVATED,2018-09-12 14:32:26.829
MOVE_RANDOM_FUNCTION_ACTIVATED,2018-09-12 14:32:26.846
MOVE_RANDOM_FUNCTION_ACTIVATED,2018-09-12 14:32:26.863
MOVE_RANDOM_FUNCTION_ACTIVATED,2018-09-12 14:32:26.880
MOVE_RANDOM_FUNCTION_ACTIVATED,2018-09-12 14:32:26.896
MOVE_RANDOM_FUNCTION_ACTIVATED,2018-09-12 14:32:26.913
MOVE_RANDOM_FUNCTION_ACTIVATED,2018-09-12 14:32:26.930
MOVE_RANDOM_FUNCTION_ACTIVATED,2018-09-12 14:32:26.948
MOVE_RANDOM_FUNCTION_ACTIVATED,2018-09-12 14:32:26.965
MOVE_RANDOM_FUNCTION_ACTIVATED,2018-09-12 14:32:26.982
MOVE_RANDOM_FUNCTION_ACTIVATED,2018-09-12 14:32:26.999
MOVE_RANDOM_FUNCTION_ACTIVATED,2018-09-12 14:32:27.015
MOVE_RANDOM_FUNCTION_ACTIVATED,2018-09-12 14:32:27.032
MOVE_RANDOM_FUNCTION_ACTIVATED,2018-09-12 14:32:27.049
MOVE_RANDOM_FUNCTION_ACTIVATED,2018-09-12 14:32:27.066
MOVE_RANDOM_FUNCTION_ACTIVATED,2018-09-12 14:32:27.082
MOVE_RANDOM_FUNCTION_ACTIVATED,2018-09-12 14:32:27.099
MOVE_RANDOM_FUNCTION_ACTIVATED,2018-09-12 14:32:27.116
MOVE_RANDOM_FUNCTION_ACTIVATED,2018-09-12 14:32:27.133
MOVE_RANDOM_FUNCTION_ACTIVATED,2018-09-12 14:32:27.150
MOVE_RANDOM_FUNCTION_ACTIVATED,2018-09-12 14:32:27.167
MOVE_RANDOM_FUNCTION_ACTIVATED,2018-09-12 14:32:27.186
MOVE_RANDOM_FUNCTION_ACTIVATED,2018-09-12 14:32:27.203
MOVE_RANDOM_FUNCTION_ACTIVATED,2018-09-12 14:32:27.220
MOVE_RANDOM_FUNCTION_ACTIVATED,2018-09-12 14:32:27.240
MOVE_RANDOM_FUNCTION_ACTIVATED,2018-09-12 14:32:27.256
MOVE_RANDOM_FUNCTION_ACTIVATED,2018-09-12 14:32:27.273
MOVE_RANDOM_FUNCTION_ACTIVATED,2018-09-12 14:32:27.290
MOVE_RANDOM_FUNCTION_ACTIVATED,2018-09-12 14:32:27.307
MOVE_RANDOM_FUNCTION_ACTIVATED,2018-09-12 14:32:27.325
MOVE_RANDOM_FUNCTION_ACTIVATED,2018-09-12 14:32:27.342
MOVE_RANDOM_FUNCTION_ACTIVATED,2018-09-12 14:32:27.359
MOVE_RANDOM_FUNCTION_ACTIVATED,2018-09-12 14:32:27.378
MOVE_RANDOM_FUNCTION_ACTIVATED,2018-09-12 14:32:27.395
MOVE_RANDOM_FUNCTION_ACTIVATED,2018-09-12 14:32:27.412
MOVE_RANDOM_FUNCTION_ACTIVATED,2018-09-12 14:32:27.428
MOVE_RANDOM_FUNCTION_ACTIVATED,2018-09-12 14:32:27.445
MOVE_RANDOM_FUNCTION_ACTIVATED,2018-09-12 14:32:27.462
MOVE_RANDOM_FUNCTION_ACTIVATED,2018-09-12 14:32:27.479
MOVE_RANDOM_FUNCTION_ACTIVATED,2018-09-12 14:32:27.496
MOVE_RANDOM_FUNCTION_ACTIVATED,2018-09-12 14:32:27.513
MOVE_RANDOM_FUNCTION_ACTIVATED,2018-09-12 14:32:27.530
MOVE_RANDOM_FUNCTION_ACTIVATED,2018-09-12 14:32:27.547
MOVE_RANDOM_FUNCTION_ACTIVATED,2018-09-12 14:32:27.564
MOVE_RANDOM_FUNCTION_ACTIVATED,2018-09-12 14:32:27.581
MOVE_RANDOM_FUNCTION_ACTIVATED,2018-09-12 14:32:27.599
MOVE_RANDOM_FUNCTION_ACTIVATED,2018-09-12 14:32:27.616
MOVE_RANDOM_FUNCTION_ACTIVATED,2018-09-12 14:32:27.633
MOVE_RANDOM_FUNCTION_ACTIVATED,2018-09-12 14:32:27.649
MOVE_RANDOM_FUNCTION_ACTIVATED,2018-09-12 14:32:27.666
MOVE_RANDOM_FUNCTION_ACTIVATED,2018-09-12 14:32:27.683
MOVE_RANDOM_FUNCTION_ACTIVATED,2018-09-12 14:32:27.701
MOVE_RANDOM_FUNCTION_ACTIVATED,2018-09-12 14:32:27.719
MOVE_RANDOM_FUNCTION_ACTIVATED,2018-09-12 14:32:27.739
MOVE_RANDOM_FUNCTION_ACTIVATED,2018-09-12 14:32:27.756
MOVE_RANDOM_FUNCTION_ACTIVATED,2018-09-12 14:32:27.773
MOVE_RANDOM_FUNCTION_ACTIVATED,2018-09-12 14:32:27.790
MOVE_RANDOM_FUNCTION_ACTIVATED,2018-09-12 14:32:27.807
MOVE_RANDOM_FUNCTION_ACTIVATED,2018-09-12 14:32:27.826
MOVE_RANDOM_FUNCTION_ACTIVATED,2018-09-12 14:32:27.845
MOVE_RANDOM_FUNCTION_ACTIVATED,2018-09-12 14:32:27.860
MOVE_RANDOM_FUNCTION_ACTIVATED,2018-09-12 14:32:27.877
MOVE_RANDOM_FUNCTION_ACTIVATED,2018-09-12 14:32:27.894
MOVE_RANDOM_FUNCTION_ACTIVATED,2018-09-12 14:32:27.911
MOVE_RANDOM_FUNCTION_ACTIVATED,2018-09-12 14:32:27.928
MOVE_RANDOM_FUNCTION_ACTIVATED,2018-09-12 14:32:27.945
MOVE_RANDOM_FUNCTION_ACTIVATED,2018-09-12 14:32:27.962
MOVE_RANDOM_FUNCTION_ACTIVATED,2018-09-12 14:32:27.978
MOVE_RANDOM_FUNCTION_ACTIVATED,2018-09-12 14:32:27.995
MOVE_RANDOM_FUNCTION_ACTIVATED,2018-09-12 14:32:28.012
MOVE_RANDOM_FUNCTION_ACTIVATED,2018-09-12 14:32:28.030
MOVE_RANDOM_FUNCTION_ACTIVATED,2018-09-12 14:32:28.047
MOVE_RANDOM_FUNCTION_ACTIVATED,2018-09-12 14:32:28.064
MOVE_RANDOM_FUNCTION_ACTIVATED,2018-09-12 14:32:28.081
MOVE_RANDOM_FUNCTION_ACTIVATED,2018-09-12 14:32:28.098
START_HUMAN_ERROR,2018-09-12 14:32:28.132
END_HUMAN_ERROR,2018-09-12 14:32:29.132
END_RANDOM_MOVEMENT,2018-09-12 14:32:29.144
ZOMBIE_EATS,2018-09-12 14:32:30.513
ZOMBIE_EATS,2018-09-12 14:32:33.125
ZOMBIE_SCREAM,2018-09-12 14:32:34.127
START_RANDOM_MOVEMENT,2018-09-12 14:32:34.127
MOVE_RANDOM_FUNCTION_ACTIVATED,2018-09-12 14:32:34.127
MOVE_RANDOM_FUNCTION_ACTIVATED,2018-09-12 14:32:34.143
MOVE_RANDOM_FUNCTION_ACTIVATED,2018-09-12 14:32:34.159
MOVE_RANDOM_FUNCTION_ACTIVATED,2018-09-12 14:32:34.176
MOVE_RANDOM_FUNCTION_ACTIVATED,2018-09-12 14:32:34.193
MOVE_RANDOM_FUNCTION_ACTIVATED,2018-09-12 14:32:34.210
MOVE_RANDOM_FUNCTION_ACTIVATED,2018-09-12 14:32:34.227
MOVE_RANDOM_FUNCTION_ACTIVATED,2018-09-12 14:32:34.245
MOVE_RANDOM_FUNCTION_ACTIVATED,2018-09-12 14:32:34.262
MOVE_RANDOM_FUNCTION_ACTIVATED,2018-09-12 14:32:34.280
MOVE_RANDOM_FUNCTION_ACTIVATED,2018-09-12 14:32:34.296
MOVE_RANDOM_FUNCTION_ACTIVATED,2018-09-12 14:32:34.313
MOVE_RANDOM_FUNCTION_ACTIVATED,2018-09-12 14:32:34.329
MOVE_RANDOM_FUNCTION_ACTIVATED,2018-09-12 14:32:34.346
MOVE_RANDOM_FUNCTION_ACTIVATED,2018-09-12 14:32:34.363
MOVE_RANDOM_FUNCTION_ACTIVATED,2018-09-12 14:32:34.382
MOVE_RANDOM_FUNCTION_ACTIVATED,2018-09-12 14:32:34.399
MOVE_RANDOM_FUNCTION_ACTIVATED,2018-09-12 14:32:34.416
MOVE_RANDOM_FUNCTION_ACTIVATED,2018-09-12 14:32:34.433
MOVE_RANDOM_FUNCTION_ACTIVATED,2018-09-12 14:32:34.450
MOVE_RANDOM_FUNCTION_ACTIVATED,2018-09-12 14:32:34.469
MOVE_RANDOM_FUNCTION_ACTIVATED,2018-09-12 14:32:34.486
MOVE_RANDOM_FUNCTION_ACTIVATED,2018-09-12 14:32:34.504
MOVE_RANDOM_FUNCTION_ACTIVATED,2018-09-12 14:32:34.520
MOVE_RANDOM_FUNCTION_ACTIVATED,2018-09-12 14:32:34.536
MOVE_RANDOM_FUNCTION_ACTIVATED,2018-09-12 14:32:34.553
MOVE_RANDOM_FUNCTION_ACTIVATED,2018-09-12 14:32:34.570
MOVE_RANDOM_FUNCTION_ACTIVATED,2018-09-12 14:32:34.587
MOVE_RANDOM_FUNCTION_ACTIVATED,2018-09-12 14:32:34.604
MOVE_RANDOM_FUNCTION_ACTIVATED,2018-09-12 14:32:34.622
MOVE_RANDOM_FUNCTION_ACTIVATED,2018-09-12 14:32:34.639
MOVE_RANDOM_FUNCTION_ACTIVATED,2018-09-12 14:32:34.657
MOVE_RANDOM_FUNCTION_ACTIVATED,2018-09-12 14:32:34.673
MOVE_RANDOM_FUNCTION_ACTIVATED,2018-09-12 14:32:34.691
MOVE_RANDOM_FUNCTION_ACTIVATED,2018-09-12 14:32:34.708
ZOMBIE_SCREAM,2018-09-12 14:32:35.128
START_RANDOM_MOVEMENT,2018-09-12 14:32:35.128
MOVE_RANDOM_FUNCTION_ACTIVATED,2018-09-12 14:32:35.365
MOVE_RANDOM_FUNCTION_ACTIVATED,2018-09-12 14:32:35.381
MOVE_RANDOM_FUNCTION_ACTIVATED,2018-09-12 14:32:35.398
MOVE_RANDOM_FUNCTION_ACTIVATED,2018-09-12 14:32:35.415
MOVE_RANDOM_FUNCTION_ACTIVATED,2018-09-12 14:32:35.432
MOVE_RANDOM_FUNCTION_ACTIVATED,2018-09-12 14:32:35.449
MOVE_RANDOM_FUNCTION_ACTIVATED,2018-09-12 14:32:35.466
MOVE_RANDOM_FUNCTION_ACTIVATED,2018-09-12 14:32:35.483
MOVE_RANDOM_FUNCTION_ACTIVATED,2018-09-12 14:32:35.500
MOVE_RANDOM_FUNCTION_ACTIVATED,2018-09-12 14:32:35.516
MOVE_RANDOM_FUNCTION_ACTIVATED,2018-09-12 14:32:35.533
MOVE_RANDOM_FUNCTION_ACTIVATED,2018-09-12 14:32:35.551
MOVE_RANDOM_FUNCTION_ACTIVATED,2018-09-12 14:32:35.759
MOVE_RANDOM_FUNCTION_ACTIVATED,2018-09-12 14:32:35.778
MOVE_RANDOM_FUNCTION_ACTIVATED,2018-09-12 14:32:35.795
MOVE_RANDOM_FUNCTION_ACTIVATED,2018-09-12 14:32:35.812
MOVE_RANDOM_FUNCTION_ACTIVATED,2018-09-12 14:32:35.829
MOVE_RANDOM_FUNCTION_ACTIVATED,2018-09-12 14:32:35.846
MOVE_RANDOM_FUNCTION_ACTIVATED,2018-09-12 14:32:35.863
MOVE_RANDOM_FUNCTION_ACTIVATED,2018-09-12 14:32:35.880
MOVE_RANDOM_FUNCTION_ACTIVATED,2018-09-12 14:32:35.897
MOVE_RANDOM_FUNCTION_ACTIVATED,2018-09-12 14:32:35.914
MOVE_RANDOM_FUNCTION_ACTIVATED,2018-09-12 14:32:35.930
MOVE_RANDOM_FUNCTION_ACTIVATED,2018-09-12 14:32:35.947
MOVE_RANDOM_FUNCTION_ACTIVATED,2018-09-12 14:32:35.964
MOVE_RANDOM_FUNCTION_ACTIVATED,2018-09-12 14:32:35.981
MOVE_RANDOM_FUNCTION_ACTIVATED,2018-09-12 14:32:35.999
MOVE_RANDOM_FUNCTION_ACTIVATED,2018-09-12 14:32:36.015
MOVE_RANDOM_FUNCTION_ACTIVATED,2018-09-12 14:32:36.032
MOVE_RANDOM_FUNCTION_ACTIVATED,2018-09-12 14:32:36.048
MOVE_RANDOM_FUNCTION_ACTIVATED,2018-09-12 14:32:36.065
MOVE_RANDOM_FUNCTION_ACTIVATED,2018-09-12 14:32:36.082
MOVE_RANDOM_FUNCTION_ACTIVATED,2018-09-12 14:32:36.098
MOVE_RANDOM_FUNCTION_ACTIVATED,2018-09-12 14:32:36.115
MOVE_RANDOM_FUNCTION_ACTIVATED,2018-09-12 14:32:36.132
MOVE_RANDOM_FUNCTION_ACTIVATED,2018-09-12 14:32:36.149
MOVE_RANDOM_FUNCTION_ACTIVATED,2018-09-12 14:32:36.166
MOVE_RANDOM_FUNCTION_ACTIVATED,2018-09-12 14:32:36.183
MOVE_RANDOM_FUNCTION_ACTIVATED,2018-09-12 14:32:36.200
MOVE_RANDOM_FUNCTION_ACTIVATED,2018-09-12 14:32:36.218
MOVE_RANDOM_FUNCTION_ACTIVATED,2018-09-12 14:32:36.236
MOVE_RANDOM_FUNCTION_ACTIVATED,2018-09-12 14:32:36.252
MOVE_RANDOM_FUNCTION_ACTIVATED,2018-09-12 14:32:36.270
MOVE_RANDOM_FUNCTION_ACTIVATED,2018-09-12 14:32:36.287
MOVE_RANDOM_FUNCTION_ACTIVATED,2018-09-12 14:32:36.304
MOVE_RANDOM_FUNCTION_ACTIVATED,2018-09-12 14:32:36.320
MOVE_RANDOM_FUNCTION_ACTIVATED,2018-09-12 14:32:36.337
MOVE_RANDOM_FUNCTION_ACTIVATED,2018-09-12 14:32:36.354
MOVE_RANDOM_FUNCTION_ACTIVATED,2018-09-12 14:32:36.374
MOVE_RANDOM_FUNCTION_ACTIVATED,2018-09-12 14:32:36.391
MOVE_RANDOM_FUNCTION_ACTIVATED,2018-09-12 14:32:36.408
MOVE_RANDOM_FUNCTION_ACTIVATED,2018-09-12 14:32:36.424
MOVE_RANDOM_FUNCTION_ACTIVATED,2018-09-12 14:32:36.441
MOVE_RANDOM_FUNCTION_ACTIVATED,2018-09-12 14:32:36.458
MOVE_RANDOM_FUNCTION_ACTIVATED,2018-09-12 14:32:36.475
MOVE_RANDOM_FUNCTION_ACTIVATED,2018-09-12 14:32:36.492
MOVE_RANDOM_FUNCTION_ACTIVATED,2018-09-12 14:32:36.509
MOVE_RANDOM_FUNCTION_ACTIVATED,2018-09-12 14:32:36.526
MOVE_RANDOM_FUNCTION_ACTIVATED,2018-09-12 14:32:36.544
MOVE_RANDOM_FUNCTION_ACTIVATED,2018-09-12 14:32:36.563
MOVE_RANDOM_FUNCTION_ACTIVATED,2018-09-12 14:32:36.583
MOVE_RANDOM_FUNCTION_ACTIVATED,2018-09-12 14:32:36.599
MOVE_RANDOM_FUNCTION_ACTIVATED,2018-09-12 14:32:36.616
MOVE_RANDOM_FUNCTION_ACTIVATED,2018-09-12 14:32:36.634
MOVE_RANDOM_FUNCTION_ACTIVATED,2018-09-12 14:32:36.651
MOVE_RANDOM_FUNCTION_ACTIVATED,2018-09-12 14:32:36.669
MOVE_RANDOM_FUNCTION_ACTIVATED,2018-09-12 14:32:36.685
MOVE_RANDOM_FUNCTION_ACTIVATED,2018-09-12 14:32:36.702
MOVE_RANDOM_FUNCTION_ACTIVATED,2018-09-12 14:32:36.719
MOVE_RANDOM_FUNCTION_ACTIVATED,2018-09-12 14:32:36.736
MOVE_RANDOM_FUNCTION_ACTIVATED,2018-09-12 14:32:36.752
MOVE_RANDOM_FUNCTION_ACTIVATED,2018-09-12 14:32:36.786
MOVE_RANDOM_FUNCTION_ACTIVATED,2018-09-12 14:32:36.803
MOVE_RANDOM_FUNCTION_ACTIVATED,2018-09-12 14:32:36.821
MOVE_RANDOM_FUNCTION_ACTIVATED,2018-09-12 14:32:36.838
MOVE_RANDOM_FUNCTION_ACTIVATED,2018-09-12 14:32:36.855
MOVE_RANDOM_FUNCTION_ACTIVATED,2018-09-12 14:32:36.871
MOVE_RANDOM_FUNCTION_ACTIVATED,2018-09-12 14:32:36.887
MOVE_RANDOM_FUNCTION_ACTIVATED,2018-09-12 14:32:36.904
MOVE_RANDOM_FUNCTION_ACTIVATED,2018-09-12 14:32:36.922
MOVE_RANDOM_FUNCTION_ACTIVATED,2018-09-12 14:32:36.939
MOVE_RANDOM_FUNCTION_ACTIVATED,2018-09-12 14:32:36.955
MOVE_RANDOM_FUNCTION_ACTIVATED,2018-09-12 14:32:36.972
MOVE_RANDOM_FUNCTION_ACTIVATED,2018-09-12 14:32:36.989
MOVE_RANDOM_FUNCTION_ACTIVATED,2018-09-12 14:32:37.006
MOVE_RANDOM_FUNCTION_ACTIVATED,2018-09-12 14:32:37.023
MOVE_RANDOM_FUNCTION_ACTIVATED,2018-09-12 14:32:37.039
MOVE_RANDOM_FUNCTION_ACTIVATED,2018-09-12 14:32:37.057
MOVE_RANDOM_FUNCTION_ACTIVATED,2018-09-12 14:32:37.076
MOVE_RANDOM_FUNCTION_ACTIVATED,2018-09-12 14:32:37.094
MOVE_RANDOM_FUNCTION_ACTIVATED,2018-09-12 14:32:37.112
ZOMBIE_SCREAM,2018-09-12 14:32:37.130
START_SLOW_DOWN,2018-09-12 14:32:37.131
MOVE_RANDOM_FUNCTION_ACTIVATED,2018-09-12 14:32:37.131
MOVE_RANDOM_FUNCTION_ACTIVATED,2018-09-12 14:32:37.355
MOVE_RANDOM_FUNCTION_ACTIVATED,2018-09-12 14:32:37.373
MOVE_RANDOM_FUNCTION_ACTIVATED,2018-09-12 14:32:37.390
MOVE_RANDOM_FUNCTION_ACTIVATED,2018-09-12 14:32:37.409
MOVE_RANDOM_FUNCTION_ACTIVATED,2018-09-12 14:32:37.426
MOVE_RANDOM_FUNCTION_ACTIVATED,2018-09-12 14:32:37.443
MOVE_RANDOM_FUNCTION_ACTIVATED,2018-09-12 14:32:37.459
MOVE_RANDOM_FUNCTION_ACTIVATED,2018-09-12 14:32:37.477
MOVE_RANDOM_FUNCTION_ACTIVATED,2018-09-12 14:32:37.493
MOVE_RANDOM_FUNCTION_ACTIVATED,2018-09-12 14:32:37.510
MOVE_RANDOM_FUNCTION_ACTIVATED,2018-09-12 14:32:37.526
MOVE_RANDOM_FUNCTION_ACTIVATED,2018-09-12 14:32:37.543
MOVE_RANDOM_FUNCTION_ACTIVATED,2018-09-12 14:32:37.559
MOVE_RANDOM_FUNCTION_ACTIVATED,2018-09-12 14:32:37.696
MOVE_RANDOM_FUNCTION_ACTIVATED,2018-09-12 14:32:37.713
MOVE_RANDOM_FUNCTION_ACTIVATED,2018-09-12 14:32:37.730
MOVE_RANDOM_FUNCTION_ACTIVATED,2018-09-12 14:32:37.747
MOVE_RANDOM_FUNCTION_ACTIVATED,2018-09-12 14:32:37.764
MOVE_RANDOM_FUNCTION_ACTIVATED,2018-09-12 14:32:37.781
MOVE_RANDOM_FUNCTION_ACTIVATED,2018-09-12 14:32:37.799
MOVE_RANDOM_FUNCTION_ACTIVATED,2018-09-12 14:32:37.817
MOVE_RANDOM_FUNCTION_ACTIVATED,2018-09-12 14:32:37.834
MOVE_RANDOM_FUNCTION_ACTIVATED,2018-09-12 14:32:37.851
MOVE_RANDOM_FUNCTION_ACTIVATED,2018-09-12 14:32:37.868
MOVE_RANDOM_FUNCTION_ACTIVATED,2018-09-12 14:32:37.885
MOVE_RANDOM_FUNCTION_ACTIVATED,2018-09-12 14:32:37.902
MOVE_RANDOM_FUNCTION_ACTIVATED,2018-09-12 14:32:37.918
MOVE_RANDOM_FUNCTION_ACTIVATED,2018-09-12 14:32:37.936
MOVE_RANDOM_FUNCTION_ACTIVATED,2018-09-12 14:32:37.953
MOVE_RANDOM_FUNCTION_ACTIVATED,2018-09-12 14:32:37.969
MOVE_RANDOM_FUNCTION_ACTIVATED,2018-09-12 14:32:37.988
MOVE_RANDOM_FUNCTION_ACTIVATED,2018-09-12 14:32:38.003
MOVE_RANDOM_FUNCTION_ACTIVATED,2018-09-12 14:32:38.021
MOVE_RANDOM_FUNCTION_ACTIVATED,2018-09-12 14:32:38.037
MOVE_RANDOM_FUNCTION_ACTIVATED,2018-09-12 14:32:38.054
MOVE_RANDOM_FUNCTION_ACTIVATED,2018-09-12 14:32:38.070
MOVE_RANDOM_FUNCTION_ACTIVATED,2018-09-12 14:32:38.087
MOVE_RANDOM_FUNCTION_ACTIVATED,2018-09-12 14:32:38.104
MOVE_RANDOM_FUNCTION_ACTIVATED,2018-09-12 14:32:38.623
END_RANDOM_MOVEMENT,2018-09-12 14:32:38.637
